{
    "rotation": [
        [
            0.9999860381901532,
            0.0034693247665515104,
            -0.003985876368589008
        ],
        [
            -0.0038231602249419665,
            0.9957056471969183,
            -0.09249674365111694
        ],
        [
            0.003647858365658634,
            0.09251069087316456,
            0.9957050091284637
        ]
    ],
    "look_at": [
        0.0,
        0.0,
        0.0
    ],
    "radius": 1,
    "fovy": 20
}